{"cameraMode":{"drawMode":0,"name":"Shaded","section":"Shading Mode"},"sceneLighting":false,"audioPlay":false,"sceneViewState":{"m_AlwaysRefresh":false,"showFog":true,"showSkybox":false,"showFlares":true,"showImageEffects":true,"showParticleSystems":true,"showVisualEffectGraphs":true,"m_FxEnabled":true},"in2DMode":false,"pivot":{"x":0.10723422467708588,"y":-1.4901161193847657e-8,"z":-0.01466822624206543},"rotation":{"x":0.6799473166465759,"y":0.06227906420826912,"z":-0.05797601118683815,"w":0.7283966541290283},"size":2.185255527496338,"orthographic":true}